<?xml version="1.0" encoding="UTF-8"?>
<project-private xmlns="http://www.netbeans.org/ns/project-private/1">
    <editor-bookmarks xmlns="http://www.netbeans.org/ns/editor-bookmarks/2" lastBookmarkId="0"/>
    <open-files xmlns="http://www.netbeans.org/ns/projectui-open-files/2">
        <group>
            <file>file:/C:/Users/Aluno/Documents/NetBeansProjects/PIpetshopp/src/ete/pi/repositories/RepUsuario.java</file>
            <file>file:/C:/Users/Aluno/Documents/NetBeansProjects/PIpetshopp/src/ete/pi/database/TesteConexao.java</file>
            <file>file:/C:/Users/Aluno/Documents/NetBeansProjects/PIpetshopp/src/ete/pi/negocio/Usuario.java</file>
            <file>file:/C:/Users/Aluno/Documents/NetBeansProjects/PIpetshopp/src/ete/pi/views/TelaPrincipal.java</file>
            <file>file:/C:/Users/Aluno/Documents/NetBeansProjects/PIpetshopp/src/ete/pi/database/ConexaoBanco.java</file>
            <file>file:/C:/Users/Aluno/Documents/NetBeansProjects/PIpetshopp/src/ete/pi/views/TelaLogin.java</file>
        </group>
    </open-files>
</project-private>
